Role,Percentage
Role_HalfTongue,0.0012408925333907066%
Role_WeaponSmith,0.20474726800946663%
NemesisForge_Role_Duelist,0.3071209020141999%
Role_LimpLeg,0.20474726800946663%
Role_Slaver,0.20474726800946663%
Role_Serpent,0.24569672161135991%
Role_Slayer,0.20474726800946663%
Role_GrogBurner,0.3071209020141999%
Role_GraveMaker,0.17549765829382852%
Role_Defender,0.06465703200298945%
Role_CaveBorn,0.40949453601893326%
Role_NeckSnapper,0.3071209020141999%
Role_Breaker,0.0012408925333907066%
NemesisForge_Role_Stench,0.15356045100709995%
Role_RatHunter,0.6142418040283998%
NemesisForge_Role_SkullSplitter,0.15356045100709995%
Role_BoneCracker,0.20474726800946663%
Role_CaveRat,0.3071209020141999%
Role_BrawlMaster,0.11168032800516359%
NemesisForge_Role_Fool,0.3071209020141999%
Role_BattleHardened,0.3071209020141999%
Role_Meat,0.03962850348570321%
Role_BurningWings,0.006142418040283998%
Role_Timid,0.04387441457345713%
Role_WeaponMaster,0.0012408925333907066%
Role_OfTheEye,0.055840164002581794%
Role_Arsonist,0.3071209020141999%
Role_FoulSpawn,0.3071209020141999%
Role_Warden,0.012796704250591664%
NemesisForge_Role_Slaughterer,0.15356045100709995%
NemesisForge_Role_LiceHead,0.17549765829382852%
Role_Protector,0.007356188829310846%
NemesisForge_Role_FleshRot,0.20474726800946663%
Role_Bard,0.036131870825199995%
Role_IronSkull,0.0012408925333907066%
Role_Bold,0.17549765829382852%
Role_Bore,0.0012408925333907066%
Role_ManEater,0.029963014830653653%
Role_Stitch,0.0012408925333907066%
Role_Molten,0.015166464296997528%
Role_Flogger,0.3071209020141999%
Role_TrophyMaker,0.0012408925333907066%
Role_Mystic,0.08774882914691426%
Role_RockCrusher,0.036131870825199995%
Role_Moaner,0.17549765829382852%
Role_Deranged,0.0012408925333907066%
Role_Fearsome,0.027920082001290897%
Role_DeadKiller,0.3071209020141999%
Role_GraugSlayer,0.0012408925333907066%
Role_QuarterMaster,0.3071209020141999%
Role_Branded,0.0012408925333907066%
Role_Brander,0.035099531658765705%
Role_Scorpion,0.020474726800946655%
Role_Giant,0.008774882914691426%
Role_FlameOfWar,0.0012408925333907066%
Role_PainSeeker,0.007630332969296891%
Role_Butcher,0.15356045100709995%
Role_Immovable,0.08189890720378662%
Role_WarBorn,0.015954332572166226%
Role_JungleRot,0.006142418040283998%
Role_Obvious,0.17549765829382852%
Role_Coward,0.008774882914691426%
Role_Suspicious,0.017549765829382852%
Role_Lithlad,0.15356045100709995%
NemesisForge_Role_Small,0.08774882914691426%
D4OAS_Role_Warden,0.012796704250591664%
Role_RazorJaw,0.0012408925333907066%
Role_WhiteEye,0.0012408925333907066%
Role_Tricky,0.11168032800516359%
Role_Bloodthirsty,0.17549765829382852%
Role_Disgusting,0.17549765829382852%
NemesisForge_Role_MeatHoarder,0.3071209020141999%
Role_OneEye,0.17549765829382852%
Role_SkinFlayer,0.3071209020141999%
Role_Uncatchable,0.0012408925333907066%
NemesisForge_Role_Weak,0.06824908933648886%
Role_Harbinger,0.014624804857819041%
Role_Maggot,0.10237363400473332%
NemesisForge_Role_Biter,0.3071209020141999%
Role_Blackguard,0.007356188829310846%
Role_BoneSnapper,0.3071209020141999%
Role_BlackBlade,0.0012408925333907066%
Role_Sadistic,0.029249609715638083%
Role_BagHead,0.00350995316587657%
NemesisForge_Role_Grinder,0.15356045100709995%
Role_MetalBeater,0.04549939289099258%
Role_EvilEye,0.0051616960490494124%
Role_ChampionGorgoroth,0.08774882914691426%
Role_Harrow,0.08774882914691426%
Role_Choker,0.04387441457345713%
Role_Seer,0.17549765829382852%
Role_Sick,0.20474726800946663%
Role_Chosen,0.017549765829382852%
Role_Torch,0.20474726800946663%
Role_Tower,0.021937207286728565%
NemesisForge_Role_Destroyer,0.010968603643364282%
Role_Knower,0.15356045100709995%
Role_Hand,0.042361503726096546%
Role_Hook,0.08774882914691426%
Role_Singer,0.03839011275177499%
Role_Heartless,0.3071209020141999%
Role_Blight,0.0012408925333907066%
NemesisForge_Role_ElfSlayer,0.17549765829382852%
NemesisForge_Role_Watcher,0.0012408925333907066%
Role_RockSkull,0.01616425800074736%
Role_Militant,0.20474726800946663%
Role_Monster,0.016828542576120542%
Role_Carver,0.026706165392539123%
Role_Marauder,0.3071209020141999%
Role_Dam,0.035099531658765705%
Role_Gab,0.0012408925333907066%
Role_Sickly,0.0012408925333907066%
Role_Mad,0.0012408925333907066%
Role_Devourer,0.06824908933648886%
Role_Complainer,0.13649817867297773%
Role_WhoDevours,0.03839011275177499%
Role_Pit,0.3071209020141999%
Role_Rat,0.3071209020141999%
Role_Red,0.3071209020141999%
Role_Shy,0.15356045100709995%
NemesisForge_Role_PainLover,0.021180751863048273%
Role_RangerKiller,0.005364557240422707%
Role_Skinner,0.03412454466824443%
NemesisForge_Role_Champion,0.03839011275177499%
Role_Shield,0.07678022550354997%
Role_MaddestOne,0.20474726800946663%
Role_Enforcer,0.17549765829382852%
Role_Shiver,0.006142418040283998%
NemesisForge_Role_FleshGlutton,0.07678022550354997%
Role_HeartEater,0.3071209020141999%
Role_WarHulk,0.02408791388346666%
Role_Regal,0.17549765829382852%
Role_GuardMaster,0.06142418040283998%
Role_Painted,0.17549765829382852%
Role_Deathless,0.17549765829382852%
Role_BloodDripper,0.20474726800946663%
Role_SlashFace,0.17549765829382852%
Role_TakerOfHeads,0.10237363400473332%
Role_BoneShaker,0.10237363400473332%
Role_Inflamed,0.17549765829382852%
Role_Gorelord,0.17549765829382852%
Role_LifeDrinker,0.3071209020141999%
Role_Endless,0.20474726800946663%
NemesisForge_Role_FatHead,0.03839011275177499%
Role_SlaveLover,0.3071209020141999%
Role_CorpseEater,0.3071209020141999%
NemesisForge_Role_WhoFlees,0.0012408925333907066%
Role_Glutton,0.0050142188083951%
Role_SkullCollector,0.04913934432227198%
Role_GrogMaker,0.00541182182351798%
Role_EarthSalter,0.006142418040283998%
Role_Poisoned,0.0012408925333907066%
Role_Poisoner,0.24569672161135991%
Role_BrokenShield,0.0012408925333907066%
Role_Gambler,0.15356045100709995%
NemesisForge_Role_GrogBurner,0.3071209020141999%
NemesisForge_Role_Runt,0.06465703200298945%
Role_PlagueBringer,0.0012408925333907066%
Role_Chunky,0.011812342385161535%
Role_Legend,0.3071209020141999%
Role_Unyielding,0.0332022596772108%
NemesisForge_Role_SwordMaster,0.15356045100709995%
Role_Itchy,0.15356045100709995%
Role_Amputator,0.035099531658765705%
Role_GutRipper,0.17549765829382852%
Role_Fanatical,0.20474726800946663%
Role_Killer,0.3071209020141999%
Role_Betrayed,0.17549765829382852%
Role_Betrayer,0.17549765829382852%
NemesisForge_Role_HalflingLover,0.3071209020141999%
Role_Hammer,0.11168032800516359%
DLC3_Overlord_Fanatical_Dead,0.20474726800946663%
Role_Giggles,0.20474726800946663%
Role_MetalBeard,0.20474726800946663%
Role_Punisher,0.15356045100709995%
Role_Bloody,0.027920082001290897%
NemesisForge_Role_AllEater,0.06824908933648886%
Role_Weakest,0.06465703200298945%
Role_Indomitable,0.031499579693764095%
Role_Chop,0.02559340850118333%
Role_Spike,0.3071209020141999%
Role_Claw,0.17549765829382852%
Role_Cook,0.3071209020141999%
Role_Sprog,0.15356045100709995%
Role_Crow,0.0012408925333907066%
Role_HeadLopper,0.09449873908129228%
Role_Enraged,0.02613794910759148%
Role_Friendly,0.3071209020141999%
NemesisForge_Role_Surgeon,0.15356045100709995%
Role_Steward,0.017549765829382852%
Role_Legendary,0.17549765829382852%
NemesisForge_Role_PotLicker,0.06824908933648886%
Role_Tyrant,0.014120501242032181%
Role_Filthy,0.20474726800946663%
Role_Hatchet,0.02559340850118333%
Role_Mangler,0.04913934432227198%
Role_Defaced,0.17549765829382852%
Role_Demolisher,0.0166011298386054%
Role_Blast,0.005484301821682141%
Role_Slavemaster,0.3071209020141999%
Role_SpiderHawk,0.006142418040283998%
Role_BoneLicker,0.3071209020141999%
Role_Smuggler,0.15356045100709995%
Role_Shredder,0.17549765829382852%
Role_LumpHead,0.17549765829382852%
Role_Block,0.036131870825199995%
Role_Blood,0.02456967216113599%
Role_LongTooth,0.15356045100709995%
Role_BloodLover,0.04549939289099258%
Role_SkinPeeler,0.17549765829382852%
Role_Assassin,0.03412454466824443%
Role_Bloodpike,0.03412454466824443%
Role_VatKeeper,0.0012408925333907066%
Role_Beggar,0.3071209020141999%
Role_GhulKeeper,0.17549765829382852%
Role_Slaughterer,0.15356045100709995%
Role_MeatHooks,0.04913934432227198%
NemesisForge_Role_EverWounded,0.08774882914691426%
Role_OrcSlayer,0.17549765829382852%
Role_BloodFlood,0.020474726800946655%
NemesisForge_Role_LockJaw,0.0012408925333907066%
Role_ThroatSlasher,0.02559340850118333%
Role_Gorehound,0.055840164002581794%
Role_WarBringer,0.3071209020141999%
Role_Impaler,0.03232851600149472%
Role_KingSlayer,0.24569672161135991%
Role_Knife,0.07678022550354997%
Role_Expounder,0.007356188829310846%
NemesisForge_Role_BloodHand,0.3071209020141999%
Role_Master,0.17549765829382852%
Role_Envenomed,0.20474726800946663%
NemesisForge_Role_Sawbones,0.3071209020141999%
Role_Duelist,0.3071209020141999%
Role_DungeonBreaker,0.04387441457345713%
Role_SlipperyOne,0.3071209020141999%
NemesisForge_Role_Disgusting,0.17549765829382852%
Role_Tracker,0.3071209020141999%
Role_OtherTwin,0.0012408925333907066%
Role_BoneCollector,0.13649817867297773%
Role_TrollBorn,0.04913934432227198%
Role_PureBlood,0.01949973981042539%
Role_WraithTouched,0.0012408925333907066%
Role_BlackHeart,0.3071209020141999%
NemesisForge_Role_RunnyBowels,0.15356045100709995%
Role_CaragorTrainer,0.3071209020141999%
NemesisForge_Role_Jitters,0.13649817867297773%
Role_Desolation,0.006142418040283998%
Role_BrightEyes,0.20474726800946663%
Role_Reaper,0.17549765829382852%
NemesisForge_Role_Bleeder,0.3071209020141999%
Role_HornBlower,0.3071209020141999%
Role_Tiny,0.10237363400473332%
Role_SkullLopper,0.02559340850118333%
Role_EagleEye,0.06824908933648886%
Role_Scourge,0.20474726800946663%
NemesisForge_Role_GraugCatcher,0.12284836080567996%
Role_Haunted,0.02456967216113599%
Role_ManBreaker,0.3071209020141999%
Role_MeatHoarder,0.3071209020141999%
Role_RatLord,0.17549765829382852%
Role_Deathmonger,0.17549765829382852%
Role_DirtFeeder,0.006142418040283998%
Role_BrainDamaged,0.0012408925333907066%
Role_Prickler,0.06824908933648886%
Role_Elusive,0.0012408925333907066%
Role_EyeGouger,0.3071209020141999%
Role_Steady,0.3071209020141999%
Role_Skullgrinder,0.04387441457345713%
Role_IronMount,0.03839011275177499%
Role_Stench,0.15356045100709995%
Role_TowerGuard,0.17549765829382852%
Role_NightBringer,0.13649817867297773%
NemesisForge_Role_Forsworn,0.02559340850118333%
Role_Brave,0.055840164002581794%
Role_Merciless,0.3071209020141999%
Role_Ripper_Daz,0.17549765829382852%
Role_CorpseGrinder,0.20474726800946663%
Role_Outlaw,0.15356045100709995%
Role_Crafty,0.015749789846882047%
Role_MapKeeper,0.3071209020141999%
Role_Brute,0.20474726800946663%
Role_CaragorTamer,0.04913934432227198%
Role_Caves,0.006142418040283998%
Role_Mountain,0.015166464296997528%
Role_PitFighter,0.010323391664342851%
Role_Unstoppable,0.0012408925333907066%
Role_Handsome,0.20474726800946663%
Role_DungCollector,0.3071209020141999%
Role_LiceHead,0.17549765829382852%
Role_FleshRot,0.20474726800946663%
Role_PowerHungry,0.20474726800946663%
Role_IronFist,0.17549765829382852%
NemesisForge_Role_BoneShaker,0.10237363400473332%
NemesisForge_Role_Fearful,0.15356045100709995%
Role_SkullCracker,0.3071209020141999%
Role_DeathBone,0.014624804857819041%
NemesisForge_Role_Thirsty,0.01949973981042539%
Role_Trainer,0.017549765829382852%
NemesisForge_Role_BloodLicker,0.3071209020141999%
Role_Traitor,0.17549765829382852%
Role_Proud,0.007356188829310846%
Role_Abused,0.17549765829382852%
Role_Maniac,0.0012408925333907066%
Role_FleshRipper,0.17549765829382852%
Role_BeastButcher,0.17549765829382852%
Role_Exterminator,0.006142418040283998%
D4RES_Role_Ringmaster,0.15356045100709995%
Role_BerserkerMaster,0.025071094041975495%
Role_Lurker,0.15356045100709995%
Role_Grinder,0.15356045100709995%
Role_Cannibal,0.3071209020141999%
NemesisForge_Role_Slasher,0.12284836080567996%
Role_KinSlayer,0.3071209020141999%
Role_Prankster,0.13649817867297773%
Role_Brilliant,0.012284836080567995%
Role_Wrestler,0.0012408925333907066%
Role_Ogre,0.008531136167061108%
Role_BattleMaster,0.015749789846882047%
Role_Crazy,0.0012408925333907066%
Role_BoneCrusher,0.17549765829382852%
Role_CaragorFang,0.20474726800946663%
Role_Cruel,0.3071209020141999%
Role_Crush,0.03839011275177499%
NemesisForge_Role_Warmonger,0.20474726800946663%
Role_Hacker,0.17549765829382852%
Role_Faithful,0.17549765829382852%
Role_Watcher,0.0012408925333907066%
Role_Dead,0.0012408925333907066%
Role_Herald,0.014624804857819041%
Role_DeadEye,0.0015954332572166228%
Role_DisciplineMaster,0.20474726800946663%
Role_BeastTamer,0.17549765829382852%
Role_Avalanche,0.006142418040283998%
Role_WhiteHand,0.0012408925333907066%
Role_Stonefist,0.031499579693764095%
Role_Torturer,0.3071209020141999%
Role_MeatGrinder,0.3071209020141999%
Role_SwordMaster,0.15356045100709995%
Role_CutThroat,0.12284836080567996%
Role_Drowned,0.15356045100709995%
Role_GrogHoarder,0.08774882914691426%
Role_Gutless,0.15356045100709995%
Role_FlameEater,0.006142418040283998%
Role_Rotbeast,0.20474726800946663%
Role_Lookout,0.06824908933648886%
Role_Panderer,0.0012408925333907066%
Role_Goodfink,0.0012408925333907066%
NemesisForge_Role_UglyFace,0.17549765829382852%
Role_Burned,0.17549765829382852%
Role_Damned,0.3071209020141999%
Role_Nightmare,0.3071209020141999%
NemesisForge_Role_BloodLover,0.04549939289099258%
Role_FleshLover,0.17549765829382852%
Role_Taunter,0.11168032800516359%
Role_Guardian,0.12284836080567996%
Role_Store_Vender_Alt,0.04913934432227198%
Role_ThinBones,0.15356045100709995%
Role_BladeMaster,0.13649817867297773%
Role_Raven,0.0012408925333907066%
Role_Vicious,0.17549765829382852%
Role_Champion,0.03839011275177499%
Role_FatHead,0.03839011275177499%
NemesisForge_Role_FireBrander,0.035099531658765705%
Role_DreamEater,0.02559340850118333%
Role_Painless,0.17549765829382852%
CommanderOlog,0.08774882914691426%
NemesisForge_Role_KingSlayer,0.24569672161135991%
ZogOrc,0.08774882914691426%
Role_Berserker,0.0021937207286728566%
NemesisForge_Role_Pit,0.3071209020141999%
Role_MountainShaker,0.055840164002581794%
Role_Judge,0.3071209020141999%
Role_LimbRipper,0.017549765829382852%
Role_Elder,0.15356045100709995%
NemesisForge_Role_BloodHunter,0.17549765829382852%
Role_DeathBlade,0.055840164002581794%
Role_Rotten,0.10237363400473332%
Role_Wanderer,0.3071209020141999%
Role_Coward_Ratbag,0.0003988583143041557%
Role_Ravager,0.3071209020141999%
Role_Flayer,0.3071209020141999%
Role_EverWounded,0.08774882914691426%
Role_Drunk,0.02155234400099648%
Role_Corruptor,0.3071209020141999%
Role_HeadChopper,0.04387441457345713%
Role_FearMonger,0.17549765829382852%
Role_GhulHunter,0.3071209020141999%
Role_WhoFlees,0.0012408925333907066%
NemesisForge_Role_Cook,0.3071209020141999%
Role_Jaws,0.0012408925333907066%
Role_Immortal,0.17549765829382852%
Role_Sweet,0.15356045100709995%
Role_Swift,0.3071209020141999%
Role_Undaunted,0.20474726800946663%
Role_IceMountain,0.006142418040283998%
NemesisForge_Role_FleshRender,0.055840164002581794%
Role_Agonizer,0.00012297133213781778%
Role_BlackGates,0.0012408925333907066%
Role_LiterateOne,0.3071209020141999%
Role_Gentle,0.3071209020141999%
Role_DrakeKiller,0.058499219431276166%
Role_BarrelScraper,0.3071209020141999%
Role_Whisperer,0.0012408925333907066%
Role_FleshBurner,0.08189890720378662%
Role_Merciful,0.3071209020141999%
Role_MaggotLord,0.06824908933648886%
Role_Slave,0.3071209020141999%
Role_RunnyBowels,0.15356045100709995%
Role_Surgeon,0.15356045100709995%
Role_FlameMonger,0.3071209020141999%
Role_IronArm,0.40949453601893326%
Role_Catcher,0.3071209020141999%
Role_AllEater,0.06824908933648886%
Role_WastefulHunter,0.006142418040283998%
Role_WormLicker,0.08189890720378662%
NemesisForge_Role_PitFighter,0.010323391664342851%
Role_Dragon,0.0166011298386054%
Role_CorpseLicker,0.20474726800946663%
Role_Angry,0.17549765829382852%
Role_Loyal,0.20474726800946663%
Role_AncientOne,0.0012408925333907066%
Role_Bloodlust,0.17549765829382852%
Role_Venomous,0.0012408925333907066%
Role_Anvil,0.012535547020987747%
Role_LockJaw,0.0012408925333907066%
Role_Welts,0.3071209020141999%
Role_Grizzled,0.017549765829382852%
Role_DeepSeer,0.20474726800946663%
NemesisForge_Role_RawHead,0.17549765829382852%
DLC3_Overlord_Fanatical,0.20474726800946663%
Role_ArcherTrainer,0.06824908933648886%
Role_Dismembered,0.0372267760017212%
Role_Tainted,0.20474726800946663%
Role_Murderous,0.3071209020141999%
Role_Blacksmith,0.08189890720378662%
Role_Prowler,0.3071209020141999%
MachineDestroyerOlog,0.08774882914691426%
NemesisForge_Role_Tiny,0.10237363400473332%
Role_Jitters,0.13649817867297773%
Role_MadEye,0.13649817867297773%
Role_Rugged,0.20474726800946663%
Role_Bleeder,0.3071209020141999%
NemesisForge_Role_Hungry,0.06142418040283998%
NemesisForge_Role_Hunter,0.005295187737521217%
Role_Humongous,0.008531136167061108%
Role_Bludger,0.016828542576120542%
Role_Sawbones,0.3071209020141999%
Role_BackBiter,0.20474726800946663%
Role_Pike,0.02559340850118333%
Role_Poet,0.17549765829382852%
Role_Puny,0.08774882914691426%
Role_Pure,0.01949973981042539%
Role_BloodLicker,0.3071209020141999%
Role_Blizzard,0.006142418040283998%
Role_Diseased,0.029249609715638083%
Role_Humiliator,0.3071209020141999%
Role_Pretender,0.01949973981042539%
Role_Bloated,0.04549939289099258%
Role_StormBringer,0.0012408925333907066%
Role_WhoWatches,0.20474726800946663%
Role_Tasty,0.15356045100709995%
Role_MountainEater,0.007630332969296891%
Role_Deadwood,0.008774882914691426%
Role_CaragorThief,0.17549765829382852%
Role_Chill,0.006142418040283998%
Role_Reckless,0.3071209020141999%
Role_ShieldMaster,0.06465703200298945%
NemesisForge_Role_Pathetic,0.15356045100709995%
Role_BladeSharpener,0.11168032800516359%
Role_Inscrutable,0.0012408925333907066%
Role_Hurler,0.036131870825199995%
Role_Gluttonous,0.008774882914691426%
Role_BeastSlayer,0.3071209020141999%
Role_Machine,0.0012408925333907066%
Role_BlackElm,0.006142418040283998%
Role_BlackSun,0.005484301821682141%
Role_Pain-Bringer,0.17549765829382852%
Role_Clever,0.20474726800946663%
Role_Lucky,0.17549765829382852%
Role_GuardianOfMordor,0.007356188829310846%
Role_QuickBlades,0.035099531658765705%
Role_GhulSlayer,0.01730258602896901%
Role_SlaveKeeper,0.17549765829382852%
Role_GoreTide,0.11168032800516359%
Role_Unclean,0.3071209020141999%
Role_NamelessOne,0.0012408925333907066%
NemesisForge_Role_Wicked,0.3071209020141999%
NemesisForge_Role_BoneCollector,0.13649817867297773%
Role_Backstabber,0.17549765829382852%
Role_Forsworn,0.02559340850118333%
Role_Cursed,0.17549765829382852%
Role_GoldThief,0.003232851600149472%
Role_Swordsmith,0.06142418040283998%
NemesisForge_Role_Spike,0.3071209020141999%
Role_FleshLump,0.3071209020141999%
NemesisForge_Role_Whiner,0.0012408925333907066%
Role_FleshPicker,0.3071209020141999%
Role_Fearful,0.15356045100709995%
Role_Skinless,0.17549765829382852%
Role_Thirsty,0.01949973981042539%
NemesisForge_Role_SlashFace,0.17549765829382852%
Role_FaceEater,0.17549765829382852%
Role_ForgeClaw,0.006142418040283998%
Role_Forsaken,0.0012408925333907066%
NemesisForge_Role_SpearMaster,0.07678022550354997%
Role_Advisor,0.3071209020141999%
Role_Burglar,0.13649817867297773%
NemesisForge_Role_Beastmaster,0.025071094041975495%
NemesisForge_Role_Gorger,0.009236718857569921%
Role_Terrible,0.17549765829382852%
Role_Slasher,0.12284836080567996%
Role_Destroyer,0.010968603643364282%
Role_Unashamed,0.0012408925333907066%
Role_Skewer,0.035099531658765705%
Role_Trusted,0.0012408925333907066%
Role_Vile,0.0012408925333907066%
NemesisForge_Role_BloodAxe,0.0012408925333907066%
Role_Dangerous,0.17549765829382852%
Role_Abandoned,0.08774882914691426%
Role_CaragorSlayer,0.0012408925333907066%
NemesisForge_Role_CorpseGrinder,0.20474726800946663%
Role_RabbleRouser,0.08189890720378662%
NemesisForge_Role_BrainDamaged,0.0012408925333907066%
Role_Ravishing,0.17549765829382852%
Role_ElfSlayer,0.17549765829382852%
Role_Thunderlord,0.04387441457345713%
Role_Alchemist,0.17549765829382852%
Role_BloodStorm,0.3071209020141999%
Role_FireBrander,0.035099531658765705%
Role_Bowmaster,0.06824908933648886%
NemesisForge_Role_DwarfKiller,0.15356045100709995%
Role_Strong,0.20474726800946663%
Role_Noble,0.3071209020141999%
NemesisForge_Role_Amputator,0.035099531658765705%
NemesisForge_Role_Fanatical,0.20474726800946663%
Role_Taskmaster,0.3071209020141999%
NemesisForge_Role_DungCollector,0.3071209020141999%
Role_PainLover,0.021180751863048273%
Role_Crippler,0.3071209020141999%
Role_BloodHunter,0.17549765829382852%
Role_SkullSplitter,0.15356045100709995%
Role_Small,0.08774882914691426%
NemesisForge_Role_OathBreaker,0.3071209020141999%
Role_Defiler,0.3071209020141999%
Role_OneWord,0.0012408925333907066%
Role_Longshot,0.02856938623387906%
Role_Brawler,0.17549765829382852%
Role_LearnedScribe,0.3071209020141999%
Role_GiantSlayer,0.07226374165039999%
Role_Scholar,0.3071209020141999%
Role_Great,0.17549765829382852%
Role_Hairy,0.01949973981042539%
Role_Biter,0.3071209020141999%
Role_GoldPathAct1_Goroth,0.17549765829382852%
Role_Believer,0.20474726800946663%
Role_Dreamer,0.08774882914691426%
Role_PrisonMaster,0.20474726800946663%
Role_Collector,0.035099531658765705%
Role_IronSkin,0.17549765829382852%
Role_Shadow,0.025071094041975495%
Role_Shaman,0.13649817867297773%
Role_Shamed,0.0012408925333907066%
Role_FleshRender,0.055840164002581794%
NemesisForge_Role_SkullCracker,0.3071209020141999%
Role_Mindless,0.0012408925333907066%
NemesisForge_Role_Defender,0.06465703200298945%
NemesisForge_Role_CaveBorn,0.40949453601893326%
Role_DwarfEater,0.08774882914691426%
Role_Ironhead,0.017549765829382852%
Role_Scorcher,0.17549765829382852%
Role_BlackThorn,0.3071209020141999%
Role_SlaveMaker,0.3071209020141999%
NemesisForge_Role_MeatHooks,0.04913934432227198%
Role_Infernal,0.6142418040283998%
Role_BladeSmith,0.07226374165039999%
Role_NeckRipper,0.17549765829382852%
Role_UglyFace,0.17549765829382852%
NemesisForge_Role_Thunderhead,0.08774882914691426%
Role_WrathBreeder,0.0012408925333907066%
Role_RageMind,0.17549765829382852%
Role_RecordKeeper,0.0012408925333907066%
Role_SkullCrusher,0.029249609715638083%
NemesisForge_Role_LimpLeg,0.20474726800946663%
Role_Tenderizer,0.01780411026169275%
Role_Pathfinder,0.15356045100709995%
Role_Pinch,0.13649817867297773%
Role_Pickler,0.03839011275177499%
Role_Twisted,0.0012408925333907066%
Role_HornedLord,0.20474726800946663%
Role_Ocker_Baz,0.17549765829382852%
Role_Ocker_Gaz,0.17549765829382852%
NemesisForge_Role_Jaws,0.0012408925333907066%
Role_Terror,0.17549765829382852%
Role_Ruinous,0.17549765829382852%
Role_ChainDriver,0.3071209020141999%
Role_Strangler,0.07678022550354997%
Role_BoneRipper,0.15356045100709995%
Role_Thunderguts,0.17549765829382852%
Role_Stoneskin,0.20474726800946663%
D4OAS_Role_BattleHardened,0.3071209020141999%
NemesisForge_Role_Proud,0.007356188829310846%
Role_PotLicker,0.06824908933648886%
Role_Fool,0.3071209020141999%
Role_Foul,0.20474726800946663%
Role_Tongue,0.3071209020141999%
NemesisForge_Role_Coward,0.008774882914691426%
Role_Obsessed,0.13649817867297773%
Role_StoneHive,0.006142418040283998%
Role_Massive,0.09449873908129228%
Role_Scavenger,0.20474726800946663%
NemesisForge_Role_Gluttonous,0.008774882914691426%
Role_Executioner,0.04913934432227198%
Role_LuckyShot,0.15356045100709995%
Role_Armorer,0.03839011275177499%
Role_HotTongs,0.058499219431276166%
NemesisForge_Role_Brander,0.035099531658765705%
Role_Fearless,0.055840164002581794%
Role_Unseen,0.17549765829382852%
Role_FearLord,0.17549765829382852%
Role_Crusher,0.055840164002581794%
NemesisForge_Role_NeckSnapper,0.3071209020141999%
Role_Avenger,0.17549765829382852%
Role_FearEater,0.20474726800946663%
Role_Warmaster,0.11168032800516359%
Role_BloodHand,0.3071209020141999%
NemesisForge_Role_Butcher,0.15356045100709995%
Role_ManCatcher,0.15356045100709995%
Role_BloodDrinker,0.17549765829382852%
Role_RawHead,0.17549765829382852%
Role_FleshGlutton,0.07678022550354997%
Role_Bootlick,0.010968603643364282%
Role_Corrupt,0.20474726800946663%
Role_TrophyHunter,0.03412454466824443%
Role_OfTheBeasts,0.00744535520034424%
Role_EarthScorcher,0.006142418040283998%
Role_PlanMaker,0.15356045100709995%
Role_Poker,0.07226374165039999%
Role_GloryHunter,0.08774882914691426%
Role_ScarArtist,0.3071209020141999%
Role_SkullBow,0.06824908933648886%
Role_Runner,0.3071209020141999%
Role_Tailor,0.01730258602896901%
NemesisForge_Role_DeathBone,0.014624804857819041%
Role_Greedy,0.06824908933648886%
Role_GutSlurper,0.3071209020141999%
Role_TarkSlayer,0.0012408925333907066%
NemesisForge_Role_BarrelScraper,0.3071209020141999%
NemesisForge_Role_Sickly,0.0012408925333907066%
Role_Wall,0.029963014830653653%
Role_Wasp,0.006142418040283998%
Role_Weak,0.06824908933648886%
Role_Wild,0.17549765829382852%
Role_Wind,0.0012408925333907066%
Role_Wise,0.0012408925333907066%
Role_GoldFang,0.17549765829382852%
Role_OfTheFlies,0.0012408925333907066%
Role_EaterOfMen,0.13649817867297773%
Role_HammerFist,0.01730258602896901%
Role_Ravenous,0.17549765829382852%
Role_Faceless,0.17549765829382852%
Role_Wyrm,0.15356045100709995%
Role_Specter,0.0012408925333907066%
Role_DeepDelver,0.006142418040283998%
Role_WebBreaker,0.006142418040283998%
Role_Jaded,0.013649817867297773%
Role_Smasher,0.03839011275177499%
Role_Rhymer,0.17549765829382852%
Role_Tactician,0.3071209020141999%
Role_Lost,0.20474726800946663%
NemesisForge_Role_KinSlayer,0.3071209020141999%
Role_Store_Vender,0.04913934432227198%
Role_Thief,0.13649817867297773%
Role_BloodGuzzler,0.20474726800946663%
NemesisForge_Role_BloodStorm,0.3071209020141999%
Role_Messenger,0.40949453601893326%
Role_Bludgeon,0.035099531658765705%
Role_Brewer,0.3071209020141999%
Role_MaggotNest,0.08189890720378662%
Role_SpearMaster,0.07678022550354997%
NemesisForge_Role_Judge,0.3071209020141999%
Role_PuppetMaster,0.023178936001071692%
Role_Sneak,0.3071209020141999%
Role_Dopples0,0.020474726800946655%
Role_Dopples1,0.020474726800946655%
Role_Dopples2,0.020474726800946655%
Role_Dopples3,0.020474726800946655%
Role_Dopples4,0.020474726800946655%
Role_Dopples5,0.020474726800946655%
Role_Snowflake,0.006142418040283998%
Role_Beastmaster,0.025071094041975495%
Role_ManHunter,0.3071209020141999%
Role_HotHead,0.3071209020141999%
Role_Golden,0.0012408925333907066%
Role_HalflingLover,0.3071209020141999%
Role_Hungry,0.06142418040283998%
Role_Hunter,0.005295187737521217%
NemesisForge_Role_Skinner,0.03412454466824443%
Role_Wreck,0.17549765829382852%
Role_Warlock,0.01349981986875604%
Role_Warlord,0.0012408925333907066%
Role_DwarfKiller,0.15356045100709995%
Role_BattleForged,0.08189890720378662%
Role_Survivor,0.0012408925333907066%
Role_ScarHide,0.006142418040283998%
NemesisForge_Role_BoneSnapper,0.3071209020141999%
Role_Gravestone,0.008774882914691426%
NemesisForge_Role_Chunky,0.011812342385161535%
Role_Arbiter,0.03839011275177499%
Role_Pathetic,0.15356045100709995%
NemesisForge_Role_Poisoner,0.24569672161135991%
Role_OathBreaker,0.3071209020141999%
Role_FunnyOne,0.0012408925333907066%
Role_Beheader,0.04387441457345713%
Role_Bitter,0.031499579693764095%
Role_Gravewalker,0.0012408925333907066%
NemesisForge_Role_DwarfEater,0.08774882914691426%
Role_Stinger,0.15356045100709995%
Role_Infested,0.0012408925333907066%
NemesisForge_Role_ThinBones,0.15356045100709995%
Role_Thinker,0.15356045100709995%
NemesisForge_Role_Bloody,0.027920082001290897%
Role_Reject,0.0012408925333907066%
Role_Thunderer,0.20474726800946663%
Role_BrainBiter,0.17549765829382852%
Role_GhulLover,0.3071209020141999%
Role_Accursed,0.021937207286728565%
Role_Conqueror,0.0012408925333907066%
Role_Ruined,0.0012408925333907066%
Role_EarCollector,0.3071209020141999%
Role_Wicked,0.3071209020141999%
Role_KeenEye,0.03412454466824443%
Role_HellHawk,0.0012408925333907066%
NemesisForge_Role_Filthy,0.20474726800946663%
Role_Firebelly,0.17549765829382852%
Role_Bloodstoker,0.17549765829382852%
Role_FireCaller,0.17549765829382852%
Role_Commander,0.20474726800946663%
Role_Rash,0.3071209020141999%
Role_Warmonger,0.20474726800946663%
Role_SkinChewer,0.17549765829382852%
Role_Whiner,0.0012408925333907066%
Role_RaidLeader,0.3071209020141999%
Role_TreeKiller,0.0012408925333907066%
NemesisForge_Role_StormBringer,0.0012408925333907066%
Role_Runt,0.06465703200298945%
Role_DwarfHater,0.0012408925333907066%
Role_Thunderhead,0.08774882914691426%
Role_Unkillable,0.0012408925333907066%
NemesisForge_Role_LumpHead,0.17549765829382852%
NemesisForge_Role_Beggar,0.3071209020141999%
Role_IronWilled,0.15356045100709995%
FeralTrackerOrc,0.08774882914691426%
NemesisForge_Role_BoneRipper,0.15356045100709995%
Role_Stout,0.08189890720378662%
NemesisForge_Role_GuardMaster,0.06142418040283998%
Role_Bloodhound,0.15356045100709995%
NemesisForge_Role_Weakest,0.06465703200298945%
Role_Grim,0.24569672161135991%
Role_Stalker,0.20474726800946663%
Role_GraugCatcher,0.12284836080567996%
Role_WormKiller,0.20474726800946663%
Role_Gatekeeper,0.09449873908129228%
Role_Wretch,0.0012408925333907066%
Role_Gorger,0.009236718857569921%
NemesisForge_Role_LifeDrinker,0.3071209020141999%
Role_Devoted,0.20474726800946663%
Role_BloodAxe,0.0012408925333907066%
D4OAS_Role_TarkSlayer,0.0012408925333907066%
Role_BloodMad,0.02408791388346666%
Role_Unbreakable,0.20474726800946663%
Role_Warrior,0.05118681700236666%
NemesisForge_Role_Mangler,0.04913934432227198%
Role_Relentless,0.3071209020141999%
Role_Rogue,0.011481155215484111%
Role_Driver,0.3071209020141999%
Role_OfTheSpiders,0.04387441457345713%
Role_Beast,0.0012408925333907066%
Role_Drooler,0.020474726800946655%
Role_Screamer,0.3071209020141999%
Role_Savage,0.20474726800946663%
Role_BlackTooth,0.17549765829382852%
Role_Unforgiving,0.01730258602896901%
Role_FastFeet,0.17549765829382852%
Role_Large,0.10237363400473332%
Role_SoothSayer,0.15356045100709995%
Role_HideSkinner,0.0012408925333907066%
Role_Untouchable,0.0012408925333907066%
